[{"base":"AccessToken","plural":"accessToken"},{"base":"User","plural":"user","properties":{"wxUserId":{"type":"String"},"avatar":{"type":"Object","isFile":true}},"acls":[{"accessType":"*","principalType":"ROLE","principalId":"$everyone","permission":"DENY"},{"principalType":"ROLE","principalId":"$everyone","permission":"ALLOW","property":"create"},{"principalType":"ROLE","principalId":"$owner","permission":"ALLOW","property":"deleteById"},{"principalType":"ROLE","principalId":"$owner","permission":"ALLOW","property":"removeById"},{"principalType":"ROLE","principalId":"$everyone","permission":"ALLOW","property":"login"},{"principalType":"ROLE","principalId":"$everyone","permission":"ALLOW","property":"logout"},{"principalType":"ROLE","principalId":"$everyone","permission":"ALLOW","property":"findById"},{"principalType":"ROLE","principalId":"$owner","permission":"ALLOW","property":"updateAttributes"},{"principalType":"ROLE","principalId":"$everyone","permission":"ALLOW","property":"confirm"},{"principalType":"ROLE","principalId":"$everyone","permission":"ALLOW","property":"verifyEmail"},{"principalType":"ROLE","principalId":"$everyone","permission":"ALLOW","property":"resetPasswordRequest"},{"principalType":"ROLE","principalId":"$everyone","permission":"ALLOW","property":"resetPassword"},{"principalType":"ROLE","principalId":"$everyone","permission":"ALLOW","property":"exists"},{"principalType":"ROLE","principalId":"$everyone","permission":"ALLOW","property":"find"},{"principalType":"ROLE","principalId":"$everyone","permission":"ALLOW","property":"count"},{"principalType":"ROLE","principalId":"$everyone","permission":"ALLOW","property":"findOne"}],"relations":{"accessTokens":{"type":"Relation","model":"accessToken","foreignKey":"userId"}}},{"base":"RoleMapping","plural":"roleMapping"},{"base":"Role","plural":"role","relations":{"principals":{"type":"Relation","model":"roleMapping","foreignKey":"roleId"}}},{"base":"File","plural":"file"},{"plural":"address","properties":{"id":{"type":"String","id":true},"userId":{"type":"String"},"name":{"type":"String"},"mobile":{"type":"String"},"region":{"type":"String"},"address":{"type":"String"},"house":{"type":"String"},"type":{"type":"Number"},"isDefault":{"type":"Boolean"}}},{"plural":"purchaseHistory","properties":{"id":{"type":"String","id":true},"userId":{"type":"String"},"amount":{"type":"Number"},"type":{"type":"Number"},"description":{"type":"String"}}},{"plural":"coupon","properties":{"id":{"type":"String","id":true},"amount":{"type":"Number"},"description":{"type":"String"},"overTime":{"type":"Number"}},"relations":{}},{"plural":"couponRelation","properties":{"id":{"type":"String","id":true},"userId":{"type":"String"},"code":{"type":"String"},"status":{"type":"Boolean"}},"relations":{"couponPointer":{"type":"Pointer","model":"coupon","foreignKey":"coupon"}}},{"plural":"supportArea","properties":{"id":{"type":"String","id":true},"name":{"type":"String"}},"relations":{"wares":{"type":"Relation","model":"ware","foreignKey":"supportArea(uz*R*id)"}}},{"plural":"ware","properties":{"id":{"type":"String","id":true},"unit":{"type":"String"},"originPrice":{"type":"Number"},"price":{"type":"Number"},"stock":{"type":"Number"},"name":{"type":"String"},"description":{"type":"String"},"thumbnail":{"type":"Object","isFile":true},"showType":{"type":"Number"},"supportAreaId":{"type":"String"},"wareTypeId":{"type":"String"}},"relations":{"wareInfoPointer":{"type":"Pointer","model":"wareInfo","foreignKey":"wareInfo"}}},{"plural":"wareType","properties":{"id":{"type":"String","id":true},"name":{"type":"String"},"banner":{"type":"Object","isFile":true}},"relations":{"wares":{"type":"Relation","model":"ware","foreignKey":"wareType(uz*R*id)"}}},{"plural":"wallet","properties":{"id":{"type":"String","id":true},"userId":{"type":"String"},"balance":{"type":"Number"},"credit":{"type":"Number"}}},{"plural":"rechargeType","properties":{"id":{"type":"String","id":true},"amount":{"type":"Number"},"discount":{"type":"Number"}}},{"plural":"wareInfo","properties":{"id":{"type":"String","id":true},"picture0":{"type":"Object","isFile":true},"picture1":{"type":"Object","isFile":true},"picture2":{"type":"Object","isFile":true},"picture3":{"type":"Object","isFile":true},"picture4":{"type":"Object","isFile":true},"picture5":{"type":"Object","isFile":true},"detail":{"type":"String"}}},{"plural":"order","properties":{"id":{"type":"String","id":true},"userId":{"type":"String"},"orderId":{"type":"String"},"wares":{"type":"Object"},"price":{"type":"Number"},"name":{"type":"String"},"mobile":{"type":"String"},"address":{"type":"String"},"zip":{"type":"String"},"status":{"type":"Number"}}}]