{"_id":{"$oid":"56c80e118774e5066a4f107a"},"name":"天津市","createdAt":{"$date":"2016-02-20T06:56:17.095Z"},"updatedAt":{"$date":"2016-02-20T06:56:17.095Z"}}
{"_id":{"$oid":"56c80e1b31da9e480de1cb4f"},"name":"保定市","createdAt":{"$date":"2016-02-20T06:56:27.965Z"},"updatedAt":{"$date":"2016-02-20T06:56:27.965Z"}}
{"_id":{"$oid":"56c80e178d04c83d3d1dee03"},"name":"石家庄市","createdAt":{"$date":"2016-02-20T06:56:23.193Z"},"updatedAt":{"$date":"2016-02-20T08:03:49.971Z"}}
{"_id":{"$oid":"56c80e2d337f28e649d1ad41"},"name":"廊坊市","createdAt":{"$date":"2016-02-20T06:56:45.807Z"},"updatedAt":{"$date":"2016-02-20T06:56:45.807Z"}}
{"_id":{"$oid":"56c80e34337f28e649d1ad42"},"name":"张家口市","createdAt":{"$date":"2016-02-20T06:56:52.408Z"},"updatedAt":{"$date":"2016-02-20T08:03:54.239Z"}}
{"_id":{"$oid":"56c80e48d70e6d8f1167c9ac"},"name":"邯郸市","createdAt":{"$date":"2016-02-20T06:57:12.364Z"},"updatedAt":{"$date":"2016-02-20T06:57:12.364Z"}}
{"_id":{"$oid":"56c80e4e83af652643474b74"},"name":"秦皇岛市","createdAt":{"$date":"2016-02-20T06:57:18.960Z"},"updatedAt":{"$date":"2016-02-20T08:03:58.342Z"}}
{"_id":{"$oid":"56c80e55789b068408ab5a71"},"name":"承德市","createdAt":{"$date":"2016-02-20T06:57:25.553Z"},"updatedAt":{"$date":"2016-02-20T06:57:25.553Z"}}
{"_id":{"$oid":"56c80e618d04c83d3d1dee17"},"name":"深圳市","createdAt":{"$date":"2016-02-20T06:57:37.151Z"},"updatedAt":{"$date":"2016-02-20T06:57:37.151Z"}}
{"_id":{"$oid":"56c80e5b8dbed0497bcbf7a6"},"name":"邢台市","createdAt":{"$date":"2016-02-20T06:57:31.108Z"},"updatedAt":{"$date":"2016-02-20T06:57:31.108Z"}}
{"_id":{"$oid":"56c80e6d8d04c83d3d1dee1a"},"name":"佛山市","createdAt":{"$date":"2016-02-20T06:57:49.689Z"},"updatedAt":{"$date":"2016-02-20T06:57:49.689Z"}}
{"_id":{"$oid":"56c80e67337f28e649d1ad44"},"name":"广州市","createdAt":{"$date":"2016-02-20T06:57:43.959Z"},"updatedAt":{"$date":"2016-02-20T06:57:43.959Z"}}
{"_id":{"$oid":"56c80e788774e5066a4f109f"},"name":"珠海市","createdAt":{"$date":"2016-02-20T06:58:00.590Z"},"updatedAt":{"$date":"2016-02-20T06:58:00.590Z"}}
{"_id":{"$oid":"56c80e81789b068408ab5a74"},"name":"汕头市","createdAt":{"$date":"2016-02-20T06:58:09.181Z"},"updatedAt":{"$date":"2016-02-20T06:58:09.181Z"}}
{"_id":{"$oid":"56c80e7331da9e480de1cb54"},"name":"东莞市","createdAt":{"$date":"2016-02-20T06:57:55.056Z"},"updatedAt":{"$date":"2016-02-20T06:57:55.056Z"}}
{"_id":{"$oid":"56c80e888dbed0497bcbf7aa"},"name":"惠州市","createdAt":{"$date":"2016-02-20T06:58:16.557Z"},"updatedAt":{"$date":"2016-02-20T06:58:16.557Z"}}
{"_id":{"$oid":"56c80e988774e5066a4f10a4"},"name":"中山市","createdAt":{"$date":"2016-02-20T06:58:32.560Z"},"updatedAt":{"$date":"2016-02-20T06:58:32.560Z"}}
{"_id":{"$oid":"56c80e8f337f28e649d1ad47"},"name":"肇庆市","createdAt":{"$date":"2016-02-20T06:58:23.962Z"},"updatedAt":{"$date":"2016-02-20T06:58:23.962Z"}}
{"_id":{"$oid":"56c80ea883af652643474b78"},"name":"南京市","createdAt":{"$date":"2016-02-20T06:58:48.700Z"},"updatedAt":{"$date":"2016-02-20T06:58:48.700Z"}}
{"_id":{"$oid":"56c80e9f31da9e480de1cb59"},"name":"杭州市","createdAt":{"$date":"2016-02-20T06:58:39.236Z"},"updatedAt":{"$date":"2016-02-20T06:58:39.236Z"}}
{"_id":{"$oid":"56c80eae8dbed0497bcbf7b2"},"name":"苏州市","createdAt":{"$date":"2016-02-20T06:58:54.309Z"},"updatedAt":{"$date":"2016-02-20T06:58:54.309Z"}}
{"_id":{"$oid":"56c80e0c789b068408ab5a6f"},"name":"北京市","createdAt":{"$date":"2016-02-20T06:56:12.317Z"},"updatedAt":{"$date":"2016-02-20T06:56:12.317Z"}}
{"_id":{"$oid":"56c80ebb337f28e649d1ad48"},"name":"常州市","createdAt":{"$date":"2016-02-20T06:59:07.018Z"},"updatedAt":{"$date":"2016-02-20T06:59:07.018Z"}}
{"_id":{"$oid":"56c80ea48d04c83d3d1dee23"},"name":"上海市","createdAt":{"$date":"2016-02-20T06:58:44.171Z"},"updatedAt":{"$date":"2016-02-20T06:58:44.171Z"}}
{"_id":{"$oid":"56c80eb4789b068408ab5a79"},"name":"无锡市","createdAt":{"$date":"2016-02-20T06:59:00.049Z"},"updatedAt":{"$date":"2016-02-20T06:59:00.049Z"}}
{"_id":{"$oid":"56c80ec5789b068408ab5a7b"},"name":"扬州市","createdAt":{"$date":"2016-02-20T06:59:17.592Z"},"updatedAt":{"$date":"2016-02-20T06:59:17.592Z"}}
{"_id":{"$oid":"56c80ecc8dbed0497bcbf7b8"},"name":"宁波市","createdAt":{"$date":"2016-02-20T06:59:24.404Z"},"updatedAt":{"$date":"2016-02-20T06:59:24.404Z"}}
{"_id":{"$oid":"56c80ed88dbed0497bcbf7bd"},"name":"金华市","createdAt":{"$date":"2016-02-20T06:59:36.681Z"},"updatedAt":{"$date":"2016-02-20T06:59:36.681Z"}}
{"_id":{"$oid":"56c80ed283af652643474b79"},"name":"绍兴市","createdAt":{"$date":"2016-02-20T06:59:30.508Z"},"updatedAt":{"$date":"2016-02-20T06:59:30.508Z"}}
{"_id":{"$oid":"56c80ee58d04c83d3d1dee2e"},"name":"温州市","createdAt":{"$date":"2016-02-20T06:59:49.644Z"},"updatedAt":{"$date":"2016-02-20T06:59:49.644Z"}}
{"_id":{"$oid":"56c80eeb8774e5066a4f10ac"},"name":"义乌市","createdAt":{"$date":"2016-02-20T06:59:55.561Z"},"updatedAt":{"$date":"2016-02-20T06:59:55.561Z"}}
{"_id":{"$oid":"56c80ede337f28e649d1ad4d"},"name":"嘉兴市","createdAt":{"$date":"2016-02-20T06:59:42.681Z"},"updatedAt":{"$date":"2016-02-20T06:59:42.681Z"}}
